page	preview_corto
1	INFORME ANUAL DE RECAUDACIÓN TRIBUTARIA  2024  INFORME ANUAL DE  RECAUDACIÓN TRIBUTARIA  A
5	Presentación .............................................................................
5	1. Los ingresos tributarios en 2024 ......................................................
5	El Impuesto sobre el Valor Añadido .......................................................
5	NOTA INFORMATIVA 1: LA EVOLUCIÓN DE LAS PRINCIPALES PARTIDAS DEL IRPF EN EL PERIODO 1995-2
5	44 NOTA INFORMATIVA 3: EL CRECIENTE PESO DE LAS PENSIONES EN LAS RETENCIONES .............
5	56 NOTA INFORMATIVA 6: LA EVOLUCIÓN DE LOS ACTIVOS POR IMPUESTOS DIFERIDOS Y SU CONVERSIÓN
5	66 NOTA INFORMATIVA 8: EL IMPACTO DE LA DANA EN LAS CIFRAS ECONÓMICAS Y RECAUDATORIAS ....
7	INFORME ANUAL DE RECAUDACIÓN TRIBUTARIA 2024 Página 5 Presentación  El objetivo del Inform
7	El comportamiento de las series recaudatorias no siempre es fácil de entender. Sus fuertes
7	Hay, no obstante, razones para que se produzcan estas discrepancias; las modificaciones no
7	Por ello, para comprender adecuadamente el comportamiento de la recaudación y su relación 
7	Estos últimos se obtienen por agregación de las declaraciones y se vinculan con los tipos 
7	(1) Análisis de la evolución de la base imponible y del tipo medio efectivo, nivel en el q
7	(3) Análisis de la recaudación en términos de caja, detallando los elementos que hayan pod
7	El esquema utilizado cubre todo el proceso de pago de los impuestos: desde que se produce 
7	Este método de análisis es posible gracias al sistema informativo del que dispone la Agenc
7	Esta información agregada puede encontrarse en la página web de la Agencia Tributaria (htt
7	Por otra parte, esta misma estructura conceptual es la que sirve de apoyo a la previsión p
7	A partir de las bases imponibles y de hipótesis sobre el comportamiento de los tipos efect
7	El informe incluye un texto breve con los principales hechos que caracterizaron la evoluci
7	Junto a este fichero de cuadros se ponen a disposición de los usuarios dos más, uno con la
7	Además, algunos de los cuadros se completan con ficheros que incluyen información más deta
9	INFORME ANUAL DE RECAUDACIÓN TRIBUTARIA 2024. Página 7 Resumen  Los ingresos tributarios e
9	El aumento de los ingresos tuvo como fundamento principal el comportamiento de las bases, 
9	Como ya sucedió en 2023, la recaudación vio limitado su crecimiento por el impacto de los 
9	El resultado de la evolución de las bases y de los cambios normativos fue un crecimiento d
9	s por el progresivo fin de las medidas sobre los productos energéticos y alimenticios vige
9	El contexto económico se caracterizó por la tendencia alcista de la actividad desde comien
9	Todos los indicadores fiscales (las ventas diarias, las ventas mensuales de Grandes Empres
9	Todos ellos dieron una señal alcista inequívoca, además con la novedad, a partir de mitad 
9	No obstante, en el caso de la demanda interior, que es una variable más relacionada con lo
9	En 2024 se cerraron las diferencias entre el comportamiento de los ingresos por impuestos 
9	Los ingresos por el IRPF crecieron en 2024 un 7,6%. Los cambios normativos supusieron una 
9	Los ingresos en el Impuesto sobre Sociedades crecieron un 11,5%. También en este caso los 
9	El resto hasta alcanzar el incremento de los ingresos se explica por la progresiva elimina
9	El crecimiento de los ingresos por Impuestos Especiales fue del 6,6%.
9	Hay que tener en cuenta que en 2024 se recuperó el Impuesto sobre la Electricidad, residua
9	Si se corrige la recaudación por estos dos motivos que supusieron algo más de 1.000 millon
10	INFORME ANUAL DE RECAUDACIÓN TRIBUTARIA 2024 Página 8 1.  LOS INGRESOS TRIBUTARIOS EN 2024
10	En 2024 volvieron a concurrir los dos elementos que caracterizaron la evolución de los ing
10	Si solo se tienen en cuenta las rentas y el gasto final sujeto a IVA (el valor de los cons
10	Las rentas volvieron a crecer con intensidad (un 8,9%, en 2023 lo hicieron un 8%) tanto la
10	En cuanto al segundo elemento, los cambios normativos y de gestión, minoraron la recaudaci
10	En los primeros el impacto fue muy negativo, de 4.828 millones, sumando el IRPF, el Impues
10	Por el contrario, en los impuestos indirectos las medidas incrementaron la recaudación en 
11	INFORME ANUAL DE RECAUDACIÓN TRIBUTARIA 2024 Página 9 En 2024 la actividad económica mostr
11	El indicador de la actividad en términos reales más habitualmente utilizado, el PIB en tér
11	En términos interanuales las tasas fueron elevándose desde el 2,2% del segundo semestre de
11	La contribución de la demanda externa mejoró en la parte central del año y las exportacion
11	En términos nominales la situación fue muy distinta como consecuencia del fin de las tensi
11	Su comportamiento a lo largo del año (Gráfico 1.1) fue un tanto irregular en paralelo con 
11	A diferencia del PIB, la demanda interior en 2024 creció a un ritmo similar (6,2%) al de 2
11	En lo que se refiere a los indicadores de carácter fiscal, todos ellos dieron una señal al
11	En los Gráficos 1.3 y 1.4 se puede comprobar: en el primero con  INFORME ANUAL DE RECAUDAC
12	datos diarios en media móvil de 28 días comparando la evolución en 2023 y 2024, y en el se
12	Las exportaciones, que venían de números rojos en prácticamente todo el año 2023, se recup
12	La mejora que se produjo en las ventas a lo largo de 2024 también se pudo seguir en tiempo
12	La diferencia con las ventas diarias proporcionadas por el SII consiste en que, mientras e
12	En consecuencia, esta explotación incluye tanto a los emisores y receptores de facturas (q
12	Esto permite construir indicadores con más de 1,2 millones de empresas, es decir, la total
12	Incluso tras el impacto de la dana a finales de octubre, las ventas pudieron remontar rápi
12	Todo lo dicho anteriormente se resume en el Gráfico 1.7 que muestra la evolución trimestra
12	En el informe del año pasado ya se advertía de los signos de recuperación que se apreciaba
13	INFORME ANUAL DE RECAUDACIÓN TRIBUTARIA 2024 Página 11 En lo que se refiere a los precios,
13	No obstante, si se analiza con más detalle lo ocurrido en el transcurso del año, se puede 
13	En el caso del IPC, la desaceleración, en media del año, fue de 7 décimas (del 3,5% al 2,8
13	Ahora bien, si se atiende al comportamiento dentro del año, se pasó de una primera parte e
13	En el transcurso del año, sin embargo, lo que se observa es una progresiva reducción de la
13	El perfil de ambos indicadores está determinado, como se ha señalado y a similitud de los 
13	Por su parte, el Gráfico 1.10 con los índices de los precios de la energía, muestra el ori
13	En el empleo el año 2024 se caracterizó, en general, por una suave moderación del crecimie
13	Como se ve en el caso de los afiliados, en los tres primeros trimestres se prolongó la sua
14	moderación que venía de 2023. Solo en el último trimestre se vio una pequeña mejora. En lo
14	En el empleo asalariado (Gráfico 1.12) la desaceleración habría sido más intensa y sin mej
14	Finalmente hay que hacer mención a la generación del valor añadido en el proceso de produc
14	Esta información permite analizar, con detalle sectorial y periodicidad trimestral, la gen
14	Como se puede ver, en 2024 el valor añadido siguió una pauta de desaceleración similar a l
14	El reparto de este valor añadido entre salarios y beneficios se muestra en el Gráfico 1.14
14	En las empresas personales, en cambio, se mantiene una tendencia creciente prácticamente e
15	INFORME ANUAL DE RECAUDACIÓN TRIBUTARIA 2024 Página 13 La base imponible agregada de los p
15	De una parte, la positiva evolución de la actividad a lo largo del año, como fueron mostra
15	De otra, la continuidad de la moderación de los precios iniciada en 2023, tras las fuertes
15	Aun así, se mantiene la brecha entre el crecimiento de las bases y el del indicador, como 
15	Prácticamente todo el mayor aumento de la base imponible agregada se debe al incremento de
15	En suma, las bases sobre las rentas se incrementaron un 8,9%, casi un punto más que el año
15	El valor de los consumos sujetos a II.EE. volvió a reducirse, aunque con menos intensidad 
16	INFORME ANUAL DE RECAUDACIÓN TRIBUTARIA 2024 Página 14 Semana Santa en 2024, hecho que afe
16	Entre julio y diciembre, en cambio, el crecimiento de las bases alcanzó el 7,7%, con mejor
16	Se estima que el tipo medio efectivo sobre la renta y el gasto creció un 2,4% en 2024, has
16	La subida de los tipos procede, principalmente, del aumento de los tipos asociados a las r
16	Los impuestos devengados crecieron en 2024 un 10,1% (Cuadro 1.4), seis décimas por encima 
16	Sin las cuotas diferenciales estimadas de IRPF y Sociedades, el incremento esperado para l
16	El incremento de los ingresos tributarios fue inferior al de los impuestos devengados, un 
16	Además, hay que tener en cuenta a la hora de analizar la evolución de los ingresos el impo
17	INFORME ANUAL DE RECAUDACIÓN TRIBUTARIA 2024 Página 15 Analizando la evolución de bases e 
17	Todos los componentes aumentaron, si bien destacó el dinamismo de las rentas de capital (2
17	El IRPF devengado creció un 11,1% en 2024, resultado del aumento de las rentas brutas de l
17	Efectivamente los cambios normativos tuvieron un notable impacto en el IRPF en 2024: reduj
17	En 2023 una medida similar tuvo un coste de 1.726 millones, aunque en la declaración anual
17	La parte principal de esa cifra (cerca de 1.000 millones) son los menores ingresos y mayor
17	Y, en tercer lugar, hay que señalar los 302 millones que dejaron de ingresarse como consec
17	En consecuencia, los ingresos en el IRPF crecieron un 7,6%, tasa que se elevaría hasta el 
18	En el Impuesto sobre Sociedades la base imponible consolidada creció un 10,8% (Cuadro 3.1)
18	El buen comportamiento de la base imponible en los últimos años ha hecho que desde 2023 se
18	La evolución de la base imponible es bastante pareja a la de los beneficios de las socieda
18	El Impuesto sobre Sociedades devengado creció aproximadamente lo mismo que la base consoli
18	El descenso del tipo es mayor (-2,7%) si se calcula sobre los beneficios de las empresas s
18	Los ingresos por el Impuesto sobre Sociedades aumentaron un 11,5% (Cuadro 3.1), alcanzando
18	El primero fue el impacto producido por la sentencia relativa al RDL 3/2016 que se tradujo
18	El segundo fue el efecto negativo sobre los pagos fraccionados de la medida que estuvo vig
19	INFORME ANUAL DE RECAUDACIÓN TRIBUTARIA 2024 Página 17 2023 se pueden restar, a partes igu
19	Por último, en la declaración anual de 2023 tuvieron efecto, por primera vez, dos cambios 
19	Todas estas medidas con impacto negativo se vieron parcialmente compensadas por el menor i
19	En lo que se refiere al IVA, el gasto final sujeto a IVA creció un 5,7% en 2024, 1,7 punto
19	La ralentización del gasto de los hogares fue de una intensidad similar a la del agregado 
19	Un rasgo destacado del ejercicio 2024 fue el escalonado incremento de tipos que se produjo
19	Esto explica que el tipo efectivo medio creciera un 1,4%, tras los descensos observados lo
19	El IVA devengado neto experimentó un aumento similar.  Los ingresos por IVA crecieron un 7
20	INFORME ANUAL DE RECAUDACIÓN TRIBUTARIA 2024 Página 18 Sin embargo, la aproximación al tip
20	n 2025).
20	En cambio, la rebaja de los tipos en el último tramo de 2023 se notó en los primeros meses
20	El valor de los consumos sujetos a los Impuestos Especiales volvió a reducirse, aunque con
20	El comportamiento de los consumos, con crecimientos también en los componentes de mayor pe
20	En 2024 los ingresos por Impuestos Especiales crecieron un 6,6%. Sin los ingresos derivado
20	La principal figura de este grupo de impuestos, el Impuesto sobre Hidrocarburos (Cuadro 5.
20	Los ingresos en el Impuesto sobre Labores del Tabaco aumentaron un 3,2% (Cuadro 5.6), en u
20	El Impuesto sobre la Electricidad (Cuadro 5.7) recuperó gran parte de su peso en la recaud
20	En los impuestos sobre el alcohol los ingresos crecieron un escaso 1% (-7,2% en 2023). En 
20	En el segundo año del Impuesto sobre Envases de Plástico No Reutilizables los ingresos alc
20	Si se analizan los ingresos brutos y teniendo en cuenta que en 2023 hubo un mes menos de d
20	En cuanto al resto de figuras, en el Impuesto sobre la Renta de No Residentes (Cuadro 6.1)
20	Estos están vinculados, principalmente, a las retenciones sobre rendimientos del capital y
20	El ingreso del resto de los tributos del capítulo I aumentó un 28,5% gracias a la recupera
21	INFORME ANUAL DE RECAUDACIÓN TRIBUTARIA 2024 Página 19 mediados de 2021 dentro de las medi
21	En cuanto a lo segundo, la disminución de los ingresos tuvo que ver con los cambios en el 
21	En el resto del capítulo II cabe destacar el fuerte incremento en el Impuesto sobre Primas
21	minados Servicios Digitales (en este caso también cuentan los ajustes forales, aunque, inc
21	En el capítulo III de Tasas y otros ingresos (Cuadro 1.6 y Cuadro 6.6) la recaudación crec
21	Por último, en los que se refiere a la comparación de los ingresos tributarios y los ingre
22	INFORME ANUAL DE RECAUDACIÓN TRIBUTARIA 2024. Página 20 2. EL IMPUESTO SOBRE LA RENTA DE L
22	Los ingresos por el IRPF alcanzaron los 129.408 millones en 2024, un 7,6% más que el año a
22	Sin estos impactos, los ingresos habrían aumentado un 10,2%, cifra coherente con un crecim
22	A estos factores se añade el fuerte crecimiento de las rentas asociadas al capital mobilia
22	Las rentas brutas de los hogares crecieron un 8,5% en 2024, superando en más de un punto l
22	La mejora con respecto a 2023 se debió al fuerte dinamismo de las rentas de capital mobili
22	Las rentas del trabajo, principal componente de las rentas de los hogares, crecieron un 7,
22	Los salarios, que en los últimos tres años han mantenido un peso estable sobre las rentas 
22	El año se cerró con un incremento del 9,3%. En las pymes la masa salarial creció un  INFOR
23	La principal causa de esta evolución fue la ralentización en la creación de empleo y, en e
23	La masa de salarios del sector público, por el contrario, creció más que en 2023, un 5,8% 
23	La masa de pensiones públicas creció un 7%, por debajo del 9,2% de un año antes, por el de
23	Las pensiones privadas aumentaron, tras tres años de descensos, aunque este incremento no 
23	En el Gráfico 2.4 se comparan las evoluciones del salario y pensiones medias y de los prec
23	Hay que recordar que el incremento de la pensión media no sólo recoge la actualización anu
24	Por último, las prestaciones por desempleo volvieron a aumentar en 2024, superando la tasa
24	Se estima que el conjunto de las rentas de capital de los hogares creció un 22,6% en 2024,
24	Tras estos aumentos, estas rentas suponían en 2024 en torno al 34% de las rentas totales d
24	En 2024 supusieron 30.767 millones en la renta de las familias, el máximo histórico de la 
24	Para los hogares esto supuso la drástica disminución de las rentas procedentes de los inte
24	A partir de 2015 el papel de los dividendos fue siendo cada vez mayor, de forma que en el 
24	También para las ganancias patrimoniales se espera un fuerte avance, superior al 22%. Este
24	Por otro lado, para las ganancias no sujetas a retención se prevé un incremento del 17%. E
25	Por su parte, las rentas derivadas del arrendamiento de inmuebles crecieron un 6,5%, tasa 
25	Para finalizar, se estima que las rentas de las empresas personales crecieron un 9% en 202
25	El tipo efectivo sobre las rentas brutas de los hogares aumentó un 2,4% (0,6% en 2023, Cua
25	Como en años anteriores, la subida del tipo se debe a las subidas de las retribuciones sal
25	El IRPF devengado creció un 11,1% en 2024, encadenando cuatro años de crecimientos elevado
25	Sin la cuota diferencial, el IRPF devengado se incrementó un 10,5% en 2024, resultado del 
25	La principal razón de esta divergencia se encuentra en que estos últimos incluyen la estim
25	Los ingresos sin incluir el resultado de la declaración anual aumentaron un 10%, tasa más 
26	Los ingresos por retenciones del trabajo y actividades económicas crecieron en 2024 un 9%,
26	El crecimiento de los ingresos por retenciones del trabajo y actividades económicas en el 
26	Las subidas salariales, en cambio, si bien se mantuvieron en el entorno del 5% fueron algo
26	No obstante, hay que tener en cuenta el impacto de la modificación de la reducción por ren
26	En las AA.PP. los ingresos por retenciones del trabajo crecieron un 9,7%, casi tres puntos
26	Eso llevó a un incremento de las retenciones en el entorno del 19% en 2023. En 2024, salvo
26	En la parte de los salarios de los empleados públicos, las retenciones crecieron más del 8
27	INFORME ANUAL DE RECAUDACIÓN TRIBUTARIA 2024. Página 25 De nuevo en 2024 volvieron a crece
27	También las retenciones derivadas de las ganancias patrimoniales en fondos de inversión pr
27	Hay que recordar la irregularidad que caracteriza a estos ingresos (en 2023 los ingresos d
27	Por su parte, las retenciones por arrendamientos (fundamentalmente de locales) aumentaron 
27	En lo que se refiere a los beneficios de las empresas personales, los pagos fraccionados c
27	Los ingresos asociados al resultado de la declaración anual se redujeron un 1,5%, mientras
27	Desde el punto de vista de los rendimientos declarados, los resultados negativos se entien
27	Pero esto no explica la mayor parte del descenso que tiene tres causas principales.
27	La de mayor impacto es la derivada de la sentencia favorable a los mutualistas que supuso,
27	A esto hay que añadir las reducciones en el tramo autonómico del impuesto (menores que en 
27	Por último, hay que señalar que en 2022 se rompió de nuevo el que solía ser el patrón habi
27	Es por ello que las devoluciones por este concepto en 2023 fueron unos 230 millones inferi
28	En el Impuesto sobre Sociedades la recaudación creció un 11,5% hasta los 39.096 millones (
28	Se estima que los beneficios de las sociedades (sin incluir las gravadas a tipos del 0% y 
28	La información conocida de los beneficios declarados por las Grandes Empresas y grupos en 
28	Consecuencia del aumento de los beneficios fue el crecimiento del 11,1% en los pagos fracc
28	Entre las dos figuras sumaron un incremento respecto al año anterior de más de 800 millone
28	Por un lado, los cambios normativos que se aprobaron en los Presupuestos de 2023 y que tuv
28	Por otro, la sentencia en contra del RDL 3/2016 afectó a la recaudación procedente de la c
28	La base imponible consolidada del Impuesto sobre Sociedades creció un 10,8%, enlazando así
29	INFORME ANUAL DE RECAUDACIÓN TRIBUTARIA 2024. Página 27 imponible a estos beneficios deriv
29	Tras el nuevo avance de la base imponible, se vuelve a registrar otro máximo histórico, al
29	El tipo efectivo sobre la base imponible se redujo ligeramente en 2024 (-0,4%) tras caer u
29	La razón de esta exclusión es el irregular comportamiento de los beneficios de estas empre
29	Este hecho tiene mucha repercusión sobre la variación de los beneficios (Gráfico 3.2), per
29	El Impuesto sobre Sociedades devengado aumentó un 10,4% en 2024 (13,2% sin cuota diferenci
29	De hecho, el pago mínimo se incrementó por encima del 21% en el caso de los grupos y casi 
30	INFORME ANUAL DE RECAUDACIÓN TRIBUTARIA 2024. Página 28  El Gráfico 3.4 ilustra la relació
30	Por ello, el aumento del peso del pago mínimo en 2024 es previsible que implique un mayor 
30	Los ingresos en términos de caja crecieron un 11,5% (Cuadro 3.1), impulsados por los bueno
30	El resultado neto de la declaración anual asociada a la liquidación del ejercicio 2023 res
30	Como ya se ha comentado, este resultado se debió a varios factores: los cambios normativos
31	INFORME ANUAL DE RECAUDACIÓN TRIBUTARIA 2024. Página 29  4. EL IMPUESTO SOBRE EL VALOR AÑA
31	La diferencia entre una y otra cifra se explica porque el año 2024 se caracterizó por el f
31	En el caso de la electricidad y el gas, la paulatina vuelta al tipo general supuso unos in
31	En la alimentación, en cambio, todavía el impacto fue negativo dado que se trasladó a los 
31	En 2024 el gasto final sujeto a IVA creció un 5,7%, 1,7 puntos menos que en 2023 (Cuadro 4
31	Esta desaceleración anual esconde, sin embargo, una evolución con una clara tendencia crec
31	El Gráfico 4.3 muestra la incidencia del ciclo inflacionario iniciado en 2021 sobre el gas
31	Sin embargo, a partir de 2021, la evolución del gasto corriente se ha ido distanciando de 
32	No obstante, este fuerte impacto en el gasto corriente no se traslada a los ingresos ya qu
32	bre los ingresos quedó reducido o, incluso, como es el caso de la alimentación básica, anu
32	Desde el punto de vista de los componentes, el gasto corriente y de capital de las Adminis
32	Se estima que el tipo efectivo del IVA aumentó un 1,4% (Gráfico 4.5 y Cuadro 4.1) como con
32	Estos bienes y servicios estaban gravados a un tipo del 5% desde mediados de 2022, y pasar
32	En los productos básicos de alimentación se pasó del 0% al 2,5% y del 5% al 7,5% en pastas
32	Sin embargo, al producirse el incremento de estos tipos en octubre, el impacto en el impue
33	El Cuadro 8.7 recoge la descomposición del gasto sujeto por tipos. El peso del gasto a tip
33	En 2020 aumentó hasta el 58,7%, y también creció, si bien en menor medida, el peso del gas
33	En 2021 se revertió parcialmente esa situación, volviendo el gasto a tipo general a un pes
33	Desde 2022, sin embargo, el porcentaje del gasto a tipo general ha estado por debajo del n
33	El IVA devengado aumentó un 7,3%, en torno a un punto y medio más que el gasto sujeto (Cua
33	Los ingresos en términos de caja crecieron un 7,9%, con un aumento de los ingresos brutos 
33	Esto se explica por la tendencia creciente que siguió el IVA bruto devengado según avanzar
33	Por tipo de contribuyente, el crecimiento del IVA bruto en caja fue mayor en las declaraci
34	INFORME ANUAL DE RECAUDACIÓN TRIBUTARIA 2024. Página 32 (antes bajadas) también distorsion
34	La diferencia entre el aumento de los ingresos brutos totales y los ingresos por autoliqui
34	Las devoluciones realizadas de IVA cayeron un 0,8% en 2024. Las devoluciones mensuales se 
34	Respecto a estas últimas, aumentaron un 2,9%, pero variaron de forma muy desequilibrada en
34	Ahora bien, por la propia dinámica de la gestión, el impacto de esta recuperación no llegó
34	En el caso de las devoluciones anuales, volvieron a aumentar por cuarto año consecutivo, u
34	Por último, también cayeron las devoluciones vinculadas a los ajustes forales (-2,9%, incl
35	Los ingresos por Impuestos Especiales aumentaron un 6,6% en 2024, alcanzando una recaudaci
35	Sin los ingresos adicionales derivados de la recuperación del tipo en esta figura (Cuadro 
35	Salvo en el carbón y en los envases de plástico no reutilizables, el resto de las figuras 
35	Los primeros se incrementaron en un 2,1%, gracias al mayor consumo, mientras que el aument
35	Este comportamiento se explica de nuevo por la caída del valor de los consumos en los comp
35	En 2024 se incrementó el consumo (Cuadro 5.1) de gasolinas, gasóleos y biocarburantes (3,0
35	Por otro lado, disminuyeron los consumos de alcohol (-2,6%) y cerveza (-0,7%), en un conte
35	Los precios energéticos mantuvieron en 2024 la tendencia decreciente iniciada el año anter
36	INFORME ANUAL DE RECAUDACIÓN TRIBUTARIA 2024. Página 34 de los precios de gasolinas y gasó
36	A pesar de las caídas de estos dos últimos años, el intenso ciclo inflacionista sufrido de
36	Los precios de las bebidas alcohólicas registraron un leve incremento del 0,2% (0,4% antes
36	En las labores del tabaco, el precio medio de venta al público aumentó un 4,8% (7,1% antes
36	En lo que se refiere a los tipos efectivos, cabe señalar que el único cambio normativo en 
36	No obstante, como se puede apreciar en el Cuadro 5.1, se han producido otras variaciones e
36	También aumentó, si bien en menor medida (0,3%), el tipo efectivo de gasolinas, gasóleos y
36	Esta evolución también se observó en el tipo efectivo por litro de cerveza, que aumentó li
37	Los Impuestos Especiales devengados se incrementaron un 8,2% en 2024 (Cuadro 5.1). El crec
37	La diferencia se explica, principalmente, por dos motivos: porque en la caja de 2024 sólo 
37	uy elevado respecto al mismo mes del año anterior, se ingresó en 2025.
37	Los ingresos en el Impuesto sobre Hidrocarburos aumentaron un 2,1% (Cuadro 5.5), tras el 0
37	La progresiva reducción del parque de vehículos de gasóleo está detrás de esta evolución d
37	En el Impuesto sobre Labores del Tabaco la recaudación aumentó un 3,2% (Cuadro 5.6) hasta 
37	El crecimiento del impuesto devengado fue mayor en las otras labores (8,3%), que en los ci
37	Conviene señalar que hasta septiembre el consumo se había reducido un 0,8%, concentrándose
37	Los ingresos en el Impuesto sobre la Electricidad se elevaron hasta los 1.112 millones de 
38	INFORME ANUAL DE RECAUDACIÓN TRIBUTARIA 2024. Página 36 mitad del año). Este retorno a la 
38	En 2024 los ingresos en el Impuesto sobre el Alcohol y Bebidas Derivadas y en el Impuesto 
38	En el segundo año del Impuesto sobre Envases de Plástico No Reutilizables los ingresos alc
38	Estas devoluciones se empezaron a presentar y a realizar en 2023 avanzado el año y, por lo
38	Si en lugar de analizar los ingresos netos, se atiende a los brutos (Cuadro 7.1), teniendo
40	INFORME ANUAL DE RECAUDACIÓN TRIBUTARIA 2024 Página 38  6. OTROS IMPUESTOS  La recaudación
40	Las notables aportaciones del Impuesto sobre la Renta de los no Residentes, del Impuesto s
40	Los ingresos en el Impuesto sobre la Renta de los No Residentes (Cuadro 6.1) aumentaron un
40	También incidió sobre la recaudación neta el menor volumen de devoluciones realizadas en c
40	Otro grupo de impuestos que contribuyeron de forma positiva al aumento de la recaudación f
40	Este impuesto estuvo suspendido desde mediados de 2021 dentro de las medidas para mitigar 
40	Los otros ingresos del Capítulo I se contrajeron un 60,3%, por la escasa recaudación del I
41	INFORME ANUAL DE RECAUDACIÓN TRIBUTARIA 2024 Página 39 parte de los ingresos que en 2023 h
41	En el resto de ingresos de este grupo, básicamente el Impuesto sobre Transmisiones Patrimo
41	En el Capítulo II los ingresos por el Impuesto sobre Primas de Seguros, una de las figuras
41	Por el contrario, los ingresos por los Impuestos sobre Tráfico Exterior, la otra figura de
41	La recaudación por el Impuesto sobre Transacciones Financieras aumentó un 25,5%, y la deri
41	Parte de estos elevados incrementos tienen su origen en las menores devoluciones asociadas
41	Así, en el caso del Impuesto sobre Transacciones Financieras, en 2024 se devolvieron 17 mi
41	Los ingresos del Capítulo III ascendieron un 8,4%, superando por primera vez desde 2015 lo
41	En cuanto al resto del Capítulo III, sus ingresos crecieron un 8,7%, con evoluciones posit
42	El Cuadro 8.2 del Informe Anual de Recaudación Tributaria recoge la evolución de las princ
42	Desde la edición de 2022 el cuadro se amplió, intentando completar la información existent
42	En el conjunto de Gráficos 1 se presenta la evolución de las rentas brutas declaradas y de
43	Estas rentas, con la salvedad del periodo 2005 a 2007 en el que las ganancias patrimoniale
43	El repunte en el ejercicio 2020 está condicionado por los efectos que la pandemia tuvo sob
43	alarios, pensiones y otras prestaciones, entre ellas las transferencias derivadas de los E
43	Cabe destacar el papel cada vez más relevante de las rentas de capital inmobiliario, frena
43	A partir de 2021, las rentas asociadas al capital mobiliario han ido ganando algo más de p
43	Los Gráficos 2 y 3 presentan el proceso de liquidación del impuesto desde las rentas bruta
43	También es patente la caída de 2020 y que en 2021 ya se había superado el nivel previo a l
43	En 2003 y 2007, entre otras medidas, se redujeron los tramos de la tarifa y el tipo margin
43	También es visible el efecto en la cuota íntegra de 2023, por un lado, de las reducciones 
43	A partir de la reforma de 2007 el peso de los mínimos personales y familiares sobre el tot
44	Las sucesivas reformas del impuesto (1999, 2003, 2007, 2015), así como otras medidas (por 
44	Las reformas de 1999 y 2003 supusieron una importante bajada en el tipo medio sobre las re
44	En 2007, en cambio, el tipo medio sobre las rentas permaneció relativamente estable gracia
44	Las medidas que aumentaban la tributación de las rentas más altas desde el ejercicio 2021 
44	Por último, resulta interesante observar la evolución de la cuota diferencial. Como se ve 
45	INFORME ANUAL DE RECAUDACIÓN TRIBUTARIA 2024. Página 43 Gráficos 6, desde 1995 hasta 2015,
45	La positiva evolución de las rentas no sujetas a retención y que son declaradas en la liqu
45	Por otra parte, el creciente peso que desde 2015 tienen las deducciones por maternidad y f
46	La Agencia Tributaria obtiene la información sobre los salarios de la declaración anual in
46	La información es exhaustiva (están obligados a su presentación todos los empleadores) e i
46	En este sentido, en otros lugares se explica cómo se explotan estos datos y cómo se integr
46	Prácticamente la única limitación a la que se enfrenta la información del modelo 190 es la
46	Esto condiciona la forma de la distribución salarial que se deduce de los datos (se puede 
46	Con el fin de corregir este último problema, en la estadística Mercado de trabajo y pensio
46	En los gráficos siguientes se ve la diferencia en nivel y tasa de variación entre el enfoq
46	El problema es que esta corrección solo está disponible desde 2019. Como solución para ten
46	Se estima un nivel de empleo asalariado, basado principalmente en las cifras de afiliación
47	En el gráfico se compara la evolución del salario medio obtenido directamente del modelo 1
47	Como ya se veía en el primer gráfico, la diferencia entre una versión y otra del modelo 19
47	rable.  Este enfoque tiene la limitación de que se realiza a nivel agregado. Se podría des
47	Sin embargo, ahí se choca con la dificultad de encajar series de origen distinto sin tener
47	Es lo que se hace en el Observatorio de Márgenes Empresariales (OME) en el que el empleo s
47	Esto da una perspectiva adicional: al dividir el salario medio por los precios de venta, r
49	INFORME ANUAL DE RECAUDACIÓN TRIBUTARIA 2024. Página 47 NOTA INFORMATIVA 3: EL CRECIENTE P
49	La evolución de las pensiones y su impacto en las retenciones del trabajo y actividades ec
49	Las retenciones ligadas a esas pensiones han ido ganando peso dentro del conjunto del impu
49	Hay que hacer esta distinción porque, como se verá al final de esta nota, el impuesto fina
49	Toda la información relativa a las pensiones se puede encontrar en los Cuadros 2.2 y 2.3 d
49	Un análisis más detallado se hace en la estadística Mercado de trabajo y pensiones en las 
49	En los gráficos siguientes se muestran los pesos que tienen la masa de pensiones y sus ret
50	La conclusión es que la masa de pensiones se ha mantenido en los últimos años alrededor de
50	El mantenimiento del peso en rentas al mismo tiempo que una importancia creciente de las r
50	Como se aprecia en el gráfico, la tendencia creciente se ha acentuado en los tres últimos 
50	El incremento de la pensión media se presenta en el siguiente gráfico junto con la revalor
51	Habitualmente se piensa que lo que sube la pensión media es la subida anual anunciada para
51	La pensión media (zona roja) sube más por dos razones básicas: una, porque las pensiones m
51	El gráfico que se muestra a continuación refleja ese diferencial entre las altas y las baj
51	Hay que insistir en que el incremento de la pensión media es un cálculo agregado. La mayor
51	Otra que haya comenzado su vida como pensionista en 2015 tendrá una pensión un 24,6% más a
52	INFORME ANUAL DE RECAUDACIÓN TRIBUTARIA 2024. Página 50 pensión media desde 2010 hasta 202
52	Conviene señalar también que en toda la explicación anterior no se ha tenido en cuenta el 
52	Como se puede ver en el informe anual, esto supuso en el ejercicio 2023, liquidado en 2024
52	Por último, y volviendo al comienzo de la nota, el análisis se ha centrado en el peso de l
52	- El total de retenciones por pensiones públicas fue de 14.317 millones procedentes de una
52	- De esas personas, 6,3 millones (64% del total) presentaron declaración anual y a ellas l
52	- Las personas que declaran tienen otras rentas: por un lado, tienen rentas vinculadas al 
52	Las primeras supusieron alrededor de 34.000 millones adicionales a la pensión, las segunda
53	INFORME ANUAL DE RECAUDACIÓN TRIBUTARIA 2024. Página 51 NOTA INFORMATIVA 4: UNA PERSPECTIV
53	La estadística Mercado de Trabajo y Pensiones en las Fuentes Tributarias, publicada por la
53	La presentación es obligatoria para todos los pagadores de salarios, con la excepción de l
53	La declaración anual de retenciones incluye unas hojas de resumen de las retenciones reali
53	Junto con la identificación del perceptor de la renta, se detalla la renta pagada, la rete
53	En este contexto, son asalariados aquellos cuyas percepciones figuran en la declaración cl
53	Una vez identificados los asalariados3, a cada uno de ellos se le asigna el salario recibi
53	El salario se mide, en todo caso, en términos brutos, esto es, antes de realizar cualquier
53	Las distribuciones que se analizan en esta nota, que se publican junto con el Informe Anua
53	Hay que señalar que las distribuciones resultantes de las declaraciones fiscales no tienen
53	La razón por la que se produce esta acumulación en los tramos inferiores procede del hecho
53	Una consecuencia adicional es que el número de asalariados en las fuentes fiscales resulta
53	1 La publicación completa desde 1999 se puede consultar en: Agencia Tributaria: Mercado de
53	3 En la estadística solo están incluidos los asalariados con domicilio fiscal en el Territ
54	INFORME ANUAL DE RECAUDACIÓN TRIBUTARIA 2024. Página 52 trabajando en el año. Asimismo, el
54	Una característica especialmente útil de esta estadística es la cobertura geográfica que o
54	De esta manera, se puede examinar la evolución en el tiempo de la distribución de asalaria
54	Así, a título de ejemplo, el siguiente gráfico muestra la evolución más reciente de la dis
54	De forma alternativa, se puede examinar la distribución para un año específico de las dist
54	Aunque este año no es el más reciente se considera más representativo desde una perspectiv
55	INFORME ANUAL DE RECAUDACIÓN TRIBUTARIA 2024. Página 53 Gráfico 2: Distribución de asalari
55	Estos gráficos permiten apreciar las notables diferencias de tamaño a nivel territorial, r
55	Estas diferencias producen, a nivel general, una pauta marcadamente asimétrica, que se apr
55	Aunque el perfil dominante de las distribuciones de asalariados por CCyCC.AA. por grupos d
55	6 Este núcleo, contenido entre q1 y q3, abarca a la mitad de la distribución, pudiendo int
55	Para evitar la distorsión que produce la heterogeneidad de tamaño ya comentada, se trabaja
56	Atendiendo a la distancia de fusión a la que se van formando los grupos, se pueden conside
56	8 Las distribuciones porcentuales de Andalucía y Extremadura son muy similares, por lo que
57	Destacan, en primer lugar, las distribuciones de Andalucía y Canarias, la primera por su v
57	Adicionalmente, el tramo central de la Madrid es el más uniforme de todas y el que más se 
58	En los últimos años ha aumentado significativamente la información que ofrece la Agencia T
58	Esos mismos datos son los que se utilizan para la elaboración del índice de precios del al
58	Todo lo anterior se centra en las viviendas, pero la información fiscal alcanza también al
58	Este modelo es una declaración informativa que recoge la información sobre las rentas y la
58	El valor de la información del modelo 180 es mayor si se tiene en cuenta que, además de la
58	Combinando la información sobre la renta pagada con la superficie y situación del local, s
58	Para dar una idea de la riqueza de este modelo, a continuación, se muestran algunos result
58	El Gráfico 2 ilustra la evolución de las rentas del alquiler en el periodo analizado, dond
59	La evolución de las rentas tiene un perfil muy similar en todas las provincias, si bien la
59	El Gráfico 4 muestra cómo ha ido cambiando la importancia en el total de las rentas y en e
61	INFORME ANUAL DE RECAUDACIÓN TRIBUTARIA 2024. Página 59 Como era de esperar, Barcelona y M
61	Como se ha dicho, a partir de la información del modelo 180 y de la información catastral,
61	De nuevo se observa que el indicador del precio del alquiler mantenía una clara tendencia 
61	Por último, el Gráfico 6 permite ver la evolución de este indicador para el total nacional
63	INFORME ANUAL DE RECAUDACIÓN TRIBUTARIA 2024. Página 61 NOTA INFORMATIVA 6: LA EVOLUCIÓN D
63	En el Impuesto sobre Sociedades las empresas pueden generar créditos fiscales que les perm
63	Estos, además, bajo determinadas circunstancias, pueden ser convertibles, esto es, pueden 
63	Dado el impacto que esta conversión ha tenido en algunos momentos en la recaudación del Im
63	La normativa reguladora del Impuesto sobre Sociedades ha sido modificada9 en dos ocasiones
63	• Las dotaciones por deterioro de los créditos u otros activos derivadas de las posibles i
63	• Las dotaciones o aportaciones a sistemas de previsión social y, en su caso, prejubilació
63	Para que la citada conversión pueda tener lugar, debe darse alguna de las siguientes circu
63	Y debe solicitarse al presentar la autoliquidación del Impuesto sobre Sociedades correspon
63	La conversión de los anteriores AID en créditos exigibles determina, según lo regulado en 
63	Además, el artículo 130.5 establece que los AID anteriormente mencionados podrán canjearse
63	Este marco normativo vigente entró en vigor el 1 de enero de 2016, pero incorpora a través
63	9 Estas modificaciones se realizaron, en primer lugar, a través del Real Decreto-ley 14/20
64	INFORME ANUAL DE RECAUDACIÓN TRIBUTARIA 2024. Página 62 establece determinadas particulari
64	• Activos generados a partir de 2016. La conversión se producirá por un importe igual a la
64	En caso de que el importe de la cuota líquida positiva sea superior al importe de los acti
64	Por tanto, el exceso de los activos por impuesto diferido que se hayan generado en un peri
64	• Activos generados entre 2008 y 2015. Los activos generados en este periodo tendrán derec
64	Si la diferencia entre el importe de todos los activos por impuesto diferidos generados en
64	ada en la Disposición adicional decimotercera de la LIS, que fue incorporada por la Ley 48
64	Esta prestación debe pagarse en todos los períodos en los que se registren los activos por
64	s a los períodos impositivos de esos años.  • Activos generados hasta 2007. Estos activos 
64	Desde el ejercicio 2016 las empresas deben proporcionar en su declaración anual del Impues
64	El Gráfico 1 muestra los saldos de AID pendientes de aplicación al final de cada ejercicio
64	Por ello, se ve cómo en determinados ejercicios los AID pendientes de aplicación generados
65	También se puede observar que los AID pendientes de aplicación correspondientes al periodo
65	Como se ve, un elevado porcentaje de ellos (entre el 85% y el 89%) están sujetos a la mism
65	En lo concerniente a los AID pendientes de aplicación generados a partir de 2016, y tal y 
65	Así, a finales del ejercicio 2023, el 45% de los mismos tenía derecho de
65	10 En el modelo 221 se declaran los saldos de los AID pendientes de aplicación al inicio d
65	Es por ello que no se incorpora dato para 2023, al no haberse presentado todavía el modelo
66	Un último elemento que resulta de interés son las solicitudes de conversión de los AID en 
66	En todo caso, estas solicitudes representan un porcentaje muy pequeño de los AID pendiente
66	Como se puede observar, se han pagado casi todas las solicitudes, debiéndose las diferenci
67	En el gráfico anterior los importes pagados están asignados al año al que corresponde la d
67	Como se menciona en los informes de recaudación, en algunas ocasiones dicho impacto es sig
67	Por último, hay que señalar que la existencia de estos AID con derecho a conversión no gen
67	El Gráfico 6 contiene los ingresos obtenidos por esta figura desde 2017, primer año en el 
68	INFORME ANUAL DE RECAUDACIÓN TRIBUTARIA 2024. Página 66 NOTA INFORMATIVA 7: ELABORACIÓN DE
68	En un contexto de aumentos significativos de los precios es habitual asociar los increment
68	Aun con todas esas precauciones, se podría pensar que el IPC serviría para ver, al menos, 
68	En caso contrario, es preciso elaborar un deflactor distinto del IPC.
68	Para ver de forma sencilla estas últimas afirmaciones se van a presentar dos ejemplos simp
68	En la parte superior del cuadro figura el caso en el que hay estabilidad normativa. En tal
68	En esa situación se comprueba que utilizar sin más el aumento de los precios para deflacta
68	En el segundo ejemplo se trata de ver la importancia de tener en cuenta tanto los distinto
68	El ejemplo consiste en dos productos, uno a tipo del 4% y otro al 21%, en el primer caso c
69	Como se puede ver, el crecimiento medio de los precios fue del 30%; sin embargo, el aument
69	De hecho, el 16,4% también se podría obtener calculando el crecimiento medio de los precio
69	Esto demuestra de nuevo que, si se utiliza la variación media de los precios para deflacta
69	De toda la reflexión anterior se concluye que lo más correcto es utilizar un deflactor que
69	Este gasto se divide, fundamentalmente, en tres componentes: Gasto en bienes y servicios d
69	Como ilustración, en el Gráfico 1 se puede apreciar cómo han ido evolucionando los pesos d
70	Para el Gasto en bienes y servicios de los hogares se utiliza el IPC al nivel máximo de de
70	Para la desagregación de este componente del IVA ligado al consumo de los hogares se utili
70	Los datos descienden hasta el nivel de subgrupo en términos generales, aunque para aliment
70	Esta parte del gasto en consumo no sujeto a IVA ha mostrado una tendencia creciente a lo l
70	De esta forma, se obtiene una estructura del gasto en consumo sujeto a IVA, para cada año,
70	La última fase para obtener el deflactor para esta parte de la recaudación consiste en ext
71	INFORME ANUAL DE RECAUDACIÓN TRIBUTARIA 2024. Página 69 desagregación con el que se está t
71	Los índices de precios obtenidos de esta forma serían los eslabones anuales que se podrían
71	Para deflactar la parte de los ingresos correspondiente al Gasto en compra de vivienda de 
71	El proceso descrito en el párrafo anterior se simplifica de forma considerable al tratarse
71	Finalmente, para la recaudación debida al Gasto de las AA.PP. el deflactor se ha aproximad
71	Para cada uno de ellos, se obtiene un deflactor y se sintetiza utilizando sus pesos sobre 
71	En el caso de las adquisiciones de bienes y servicios en el mercado para distribuirlas com
71	Una vez obtenido el deflactor para cada una de las partes, se obtiene un deflactor sintéti
71	Como se puede apreciar, la diferencia del deflactor del IVA respecto al IPC general aument
71	Además, desde mediados de 2022 este tipo se redujo aún más (al 5%) y se sumaron a la bajad
71	Este hecho, junto con la rebaja desde enero de 2023 al 0% de algunos productos alimenticio
71	En 2024, sin embargo, la paulatina vuelta a los tipos que gravan los productos energéticos
72	El impacto de la catástrofe provocada por la dana sobre la evolución de las cifras económi
72	Inmediatamente se sucedieron en los medios de comunicación las primeras evaluaciones del e
72	Lo cierto es que cualquier evaluación económica de un impacto no puede ser más que una apr
72	Con la información diaria disponible a través del Sistema Inmediato de Información (SII), 
72	El impacto de la catástrofe se aprecia claramente con la separación de las dos líneas desd
72	El gráfico está realizado con la información disponible pasados varios meses, pero la idea
72	La evolución de las ventas se pudo seguir, además, con un nivel de desglose que permitía v
73	En el gráfico se comparan las evoluciones en las primeras semanas después de las inundacio
73	dana (rojo).  ¿Es el impacto sobre las ventas interiores simplemente el descenso de las ve
73	Es en ese punto donde entra en juego la discrecionalidad de los analistas.  El mismo probl
74	INFORME ANUAL DE RECAUDACIÓN TRIBUTARIA 2024. Página 72
74	En el gráfico se representa la diferencia en las ventas en los mismos días de 2024 y 2023,
74	La respuesta es la misma, habría que suponer una situación alternativa sin impacto con la 
74	Como se ha señalado, la situación es más compleja aún si se quiere evaluar el impacto en e
74	Respecto a lo primero, en noviembre los principales modelos que se deberían haber presenta
74	Solo este último tuvo un impacto inmediato en la recaudación de noviembre por su traslado,
74	Los modelos de retenciones e IVA que tenían que presentar las pymes son de periodicidad tr
74	En cuanto a las medidas con repercusión en los ingresos, hay que tener en cuenta que la ma
74	En el caso del segundo plazo de la cuota positiva del IRPF, la menor recaudación de octubr
74	Y lo mismo sucedió con otros casos, como el tercer pago fraccionado del Impuesto sobre Soc
75	INFORME ANUAL DE RECAUDACIÓN TRIBUTARIA 2024. Página 73 NOTA INFORMATIVA 9: LOS ARANCELES 
75	Los ingresos por aranceles se denominan, en términos de la contabilidad tributaria, ingres
75	La evolución de estos ingresos desde 1995 es la siguiente:  Como se puede ver, el importe 
75	Los impuestos giran sobre las importaciones procedentes de los países que no pertenecen a 
75	Se puede hacer una aproximación al tipo medio  INFORME ANUAL DE RECAUDACIÓN TRIBUTARIA 202
76	Por último, hay que señalar que, a efectos de la Contabilidad Nacional, estos ingresos no 
76	En las cuentas nacionales los ingresos se pueden encontrar en los recursos del sector inst
76	y se registra como un ingreso de la producción no de mercado (operación P.131).  INFORME A
77	IT = BI * RD/BI * IT/RD,  donde BI es la base imponible del impuesto, RD es la recaudación
77	Primero se produce una corriente de bienes, servicios, rentas, etc., sujetos a tributación
77	Esta identidad sintetiza el método de análisis utilizado tanto en su información numérica 
77	Bases imponibles  La fuente básica de información de las bases imponibles son las estadíst
77	Los datos de los años para los que todavía no se han publicado las estadísticas correspond
77	Las cifras de demografía que figuran en cuadros del informe proceden también en su mayor p
77	Dichas cifras pueden diferir en algún caso de las contenidas en la Memoria de la Agencia T
77	El sistema supone que los contribuyentes obligados a declarar según la normativa de cada u
77	calcula a partir de datos económicos y personales declarados.
77	Los impuestos devengados se calculan básicamente por agregación de esos modelos de declara
77	Los impuestos devengados netos son el resultado de restar a los impuestos brutos los impor
78	INFORME ANUAL DE RECAUDACIÓN TRIBUTARIA 2024. Página 76 Los datos de las declaraciones–aut
78	Estos modelos sirven, por ejemplo, para asignar entre las distintas figuras impositivas (I
78	Por definición los impuestos devengados son consistentes con las bases imponibles (rentas,
78	Los impuestos devengados están sujetos a cambios incluso años después de haberse cerrado e
78	Por ello las cifras de los impuestos devengados que figuran en el informe en los dos últim
78	Los ingresos tributarios son ingresos en términos de caja y se expresan, salvo indicación 
78	Las cifras son comparables a las que se recogen en la Memoria de la Administración Tributa
78	Existe una equivalencia entre las autoliquidaciones que están detrás de los impuestos deve
78	Por su parte, el Sistema de Información Contable asocia cada modelo o grupo de modelos a u
78	Esta equivalencia entre modelos de declaración y conceptos presupuestarios permite asociar
78	Aun así, pueden existir diferencias en los criterios de clasificación de los flujos recaud
78	Un ejemplo de estas diferencias es la asignación de las retenciones de capital mobiliario,
78	ente se realiza con porcentajes fijos entre las distintas figuras.  En 2017 y 2018 los ing
78	Con el fin de obtener series homogéneas en el tiempo que permitan medir adecuadamente el c
78	La corrección se realiza en términos anuales, lo que puede ocasionar que se produzcan pequ
78	El análisis de los ingresos en este informe se realiza en términos totales, es decir, ante
78	Esta participación se hace efectiva en cada uno de los años a través, básicamente, de entr
79	INFORME ANUAL DE RECAUDACIÓN TRIBUTARIA 2024. Página 77 como los ingresos del Estado una v
79	El ámbito presupuestario de los ingresos tributarios analizados en el informe abarca el Ca
79	Una visión completa de los ingresos no financieros del Estado, incluyendo los ingresos no 
79	Junto al informe también se presentan cuadros de los ingresos tributarios en términos de d
79	También se atienen a la Instrucción de Contabilidad citada anteriormente.  Ingresos tribut
79	Dado que la asignación de los contribuyentes por Delegaciones se hace de acuerdo a su domi
79	Tampoco la variación anual de los ingresos tributarios gestionados por una Delegación es u
79	A las perturbaciones que pueden afectar a los ingresos en el conjunto del territorio se un
79	Además, en algunas figuras tributarias, como los Impuestos Especiales, los ingresos pueden
